name,description,habitat,img,behavior,interaction,notable_instance,history,appearance,behind_scene
Half-breed,"Half-breeds in the Harry Potter universe are magical beings born from parents of different magical species, resulting in a unique blend of magical heritage. For example, a half-breed may have one parent who is a wizard or witch and another parent who is a veela, giant, goblin, or another magical creature. Half-breeds often possess a combination of traits from both species, making them distinct and fascinating individuals within the wizarding world.","Half-breeds can be found living among various magical communities, depending on their specific magical ancestry. For example, half-giants may reside in remote areas near mountains, while part-veela individuals might be part of communities with a strong connection to beauty and charm. The wizarding world typically provides a space where half-breeds can coexist and find acceptance, although some may choose to live in more secluded locations to explore their magical heritage in peace.",https://www.the-leaky-cauldron.org/wp-content/uploads/assets/Hagrid.jpg,"The behavior of half-breeds can be influenced by both their magical lineage and their upbringing. Some may feel a sense of pride in their diverse heritage, while others may struggle with identity and acceptance, especially if they face prejudice or discrimination due to their mixed background. Despite their challenges, many half-breeds embrace their uniqueness and contribute to the magical society with their varied talents and perspectives.","Interactions with half-breeds can vary greatly based on the wizarding community and the specific species they are related to. While some individuals may be curious and respectful, others may harbor prejudices or misconceptions about half-breeds. The treatment of half-breeds has been a topic of debate in wizarding history, with efforts made to promote inclusivity and equal rights.","One notable instance of a half-breed character is Rubeus Hagrid, who is a half-giant and the lovable gamekeeper of Hogwarts School of Witchcraft and Wizardry. Hagrid's presence at Hogwarts highlights the importance of embracing diversity and challenging stereotypes in the magical world.","Throughout wizarding history, half-breeds have played significant roles in shaping the magical community. The struggles and triumphs of half-breeds have been documented in wizarding literature and serve as a reminder of the richness that diversity brings to the wizarding world.","The appearance of half-breeds can vary widely, depending on the combination of magical species in their heritage. For instance, part-elves may have slightly pointed ears and a connection to nature, while part-giants are larger and more robust than typical wizards. The unique blend of features makes each half-breed individual visually captivating and symbolizes the magic of diverse ancestry.","The inclusion of half-breeds in the 'Harry Potter' series reflects author J.K. Rowling's commitment to portraying a diverse magical world that celebrates individuality and challenges stereotypes. The concept of half-breeds adds depth to the magical society, showcasing the richness of magical lineage and the complexities of identity."
House-Elf,"House-Elves are small, humanoid magical beings known for their loyalty, unwavering dedication, and remarkable abilities in serving their wizarding masters. These creatures have been bound to wizarding families for generations, taking on the role of devoted household helpers and caretakers.","House-Elves primarily reside in the homes of wizarding families, where they take care of various household tasks, such as cooking, cleaning, and laundry. Their small size and magical abilities allow them to perform their duties efficiently and discreetly.",https://i.pinimg.com/originals/37/78/b6/3778b6f249e790a249660f56245997cc.jpg,"House-Elves are known for their subservient nature, deriving a sense of fulfillment and purpose from serving their masters. They are fiercely loyal and place their master's needs above their own, often sacrificing their well-being to fulfill their duties.","Interactions with House-Elves can vary greatly, depending on the treatment they receive from their wizarding masters. Some wizards and witches treat House-Elves kindly and with respect, acknowledging their hard work and loyalty. However, others may mistreat and abuse them, taking advantage of their servitude.","One of the most notable House-Elves in the 'Harry Potter' series is Dobby, who is initially enslaved to the Malfoy family. Dobby's loyalty and willingness to protect Harry Potter despite his mistreatment showcase the House-Elves' capacity for bravery and compassion.","The history of House-Elves in the wizarding world is marked by a long tradition of servitude and loyalty to wizarding families. For centuries, House-Elves have been bound by magical contracts and social norms that dictate their roles as servants.","House-Elves have a distinctive appearance, characterized by their small stature, large bat-like ears, and long, agile fingers. They typically wear simple clothing, often made from discarded materials like tea towels.","House-Elves are introduced in the 'Harry Potter' series to explore themes of freedom, slavery, and the ethical treatment of magical beings. Through the character of Dobby, the series sheds light on the injustices faced by House-Elves and the importance of acknowledging the value and rights of all magical creatures."
Human,"Humans in the Harry Potter universe are non-magical individuals who coexist with wizards and witches, often unaware of the magical world's existence. Unlike wizards and witches, humans do not possess inherent magical abilities and rely on science and technology to navigate their everyday lives.","Humans live in non-magical communities and are often unaware of the existence of the magical world and its hidden locations. They inhabit cities, towns, and villages, leading lives separate from the magical society.",https://th.bing.com/th/id/R.c5c7c83b0303178b83cc8bf6e77311ef?rik=alOtFVZtHF4FBA&riu=http%3a%2f%2fwww2.pictures.zimbio.com%2fmp%2fYH-zrOLdsc1x.jpg&ehk=GcpgSrHu6C%2b6wF6C%2f7nc8andclgta%2fPit01JFiGzDyw%3d&risl=&pid=ImgRaw&r=0&sres=1&sresct=1,"The behavior of humans in the wizarding world is similar to that of non-magical people in the real world. They live their lives in the non-magical communities, attending schools, pursuing careers, and engaging in various activities without any magical influence.","Interactions between humans and wizards/witches can be complex and challenging. Wizards and witches must take great care to conceal their magical abilities from non-magical individuals, also known as Muggles, to maintain the secrecy of the magical world.","The 'Harry Potter' series features several significant human characters, including the Dursley family, who are Harry Potter's non-magical relatives. The Dursleys serve as a contrast to the magical world, representing the mundane and ordinary aspects of human life.","Throughout wizarding history, humans have lived alongside wizards and witches without realizing the existence of the magical world. The Statute of Secrecy ensures that the two worlds remain separate to protect magic from exposure.",Humans in the wizarding world have the same physical appearance as non-magical individuals in the real world. They come from diverse cultural backgrounds and display a wide range of characteristics.,The inclusion of non-magical humans (Muggles) in the 'Harry Potter' series highlights the dichotomy between the magical and non-magical worlds. It serves as a reminder of the extraordinary hidden within the seemingly ordinary and emphasizes the need for wizards and witches to protect their magical world from exposure to the Muggle population.
Non-magic person,"Non-magic persons, commonly referred to as Muggles in the wizarding world, are individuals who lack magical abilities. Unlike wizards and witches, Muggles do not possess the inherent power to perform spells or access the magical realm. They live in the non-magical world, unaware of the existence of wizards and witches.","Non-magic persons reside in non-magical communities, oblivious to the existence of the magical world that surrounds them. They inhabit cities, towns, and rural areas, going about their lives separate from the hidden magical society.",https://tse1.mm.bing.net/th?id=OIP.xo-8c0hQ5n0jMHCwCzHOKgAAAA&pid=ImgDet&rs=1,"The behavior of non-magic persons in the wizarding world mirrors that of ordinary people in the real world. They lead their lives without any magical influence, relying on science and technology to navigate the challenges of daily living.","Interactions between non-magic persons and wizards/witches are relatively limited, as wizards take great care to keep their magical activities concealed. Magical folk use spells and enchantments like the Disillusionment Charm to blend in among Muggles.","The 'Harry Potter' series features the Dursley family, who are Harry Potter's non-magical relatives. The Dursleys are a notable instance of Muggles in the story, portraying the contrast between the magical and non-magical worlds.","Throughout wizarding history, Muggles have lived alongside wizards and witches without any knowledge of the magical world. The Statute of Secrecy ensures that the two worlds remain separate to protect magic from exposure.","Non-magic persons have the same physical appearance as non-magical individuals in the real world, encompassing a diverse range of appearances, cultures, and backgrounds.",The concept of non-magic persons (Muggles) in the 'Harry Potter' series emphasizes the importance of secrecy and the distinct separation between the magical and non-magical worlds. It serves as a reminder of the extraordinary hidden within the seemingly ordinary.
Squib,"Squibs are individuals born into magical families but lack magical abilities themselves. Despite being born to magical parents, Squibs do not possess the inherent capacity to perform spells or participate in magical activities. Instead, they lead lives similar to non-magic persons, relying on conventional means to navigate the world.","Squibs often live within the magical world, residing alongside wizards and witches. However, their lack of magical abilities may lead to a sense of disconnection from their magical families, who are deeply entrenched in the wizarding community.",https://th.bing.com/th/id/R.572e767d9f5d880f312acb300aad620c?rik=kouP38Ic10D6dA&riu=http%3a%2f%2fstatic1.businessinsider.com%2fimage%2f5900fc7bdd0895d77a8b462f-1200%2fargus-filch-the-caretaker-of-hogwarts-is-always-keeping-a-lookout-for-those-pesky-kids.jpg&ehk=hL7chKq3qvUG2DNe2llEuk7h7VoY8nGYi270ksSrMBE%3d&risl=&pid=ImgRaw&r=0,"Squibs may experience a sense of disappointment or inadequacy within magical communities, given their inability to perform magic like their magical relatives. They may harbor feelings of longing and envy, wishing to partake in the magical world like their family members.","Interactions between Squibs and wizards/witches can be complex and emotionally charged. Some magical families may treat Squibs with understanding and compassion, while others might see them as disappointments or outcasts.","Argus Filch is a notable Squib character in the 'Harry Potter' series, serving as the caretaker of Hogwarts School of Witchcraft and Wizardry. Filch's lack of magical abilities highlights the challenges and prejudice faced by Squibs in a magical world.","Throughout wizarding history, Squibs have been born into magical families, sparking debates and discussions about their place within the magical society. The treatment and acceptance of Squibs have been points of contention among witches and wizards.","Squibs have the same physical appearance as wizards and witches, encompassing a diverse range of appearances, cultures, and backgrounds.",The inclusion of Squibs in the 'Harry Potter' series explores the complexities of magical lineage and the challenges faced by individuals who do not conform to traditional magical expectations. It delves into themes of identity and belonging within the magical world.
Wizard,"Wizards are magical beings with inherent magical abilities, representing a significant portion of the magical community in the wizarding world. They possess the power to perform spells, wield wands, and engage in various magical practices, making them integral to the magical society's functioning.","Wizards predominantly reside in magical communities, hidden from the non-magical world. They inhabit cities and towns with enchantments to remain concealed from Muggles, protecting the secrecy of the magical realm.",https://static0.thethingsimages.com/wordpress/wp-content/uploads/2019/05/HarryPotterHeader.jpg,"Wizards and witches, like non-magical individuals, exhibit a wide range of behaviors, beliefs, and personalities. Some may be kind and benevolent, using their magic for good, while others might become consumed by power and dark intentions.","Interactions between wizards/witches and other magical beings revolve around their shared magical abilities and culture. They interact within their own society, forming bonds with magical creatures, attending magical schools like Hogwarts, and participating in various magical events.","In the North American wizarding school, Ilvermorny, Pukwudgie is one of the four houses representing students who are adventurous and have a strong affinity for the natural world.","Pukwudgies have a long-standing presence in Native American folklore, with their inclusion in the 'Harry Potter' series showcasing the rich diversity of magical creatures across different cultural backgrounds.","Pukwudgies are small, humanoid beings with grayish skin and large, pointed ears that resemble those of an elf. They prefer wearing clothing made from natural materials, such as leaves, bark, and animal skins.","The introduction of Pukwudgies in the 'Fantastic Beasts' film series expands the magical world's cultural diversity, drawing inspiration from Native American mythology and folklore."
Troll (formerly),"Trolls are large, strong, and often dim-witted magical creatures known for their physical strength and imposing presence. In the wizarding world, trolls are depicted as formidable beings that pose a danger to humans and other magical creatures.","Trolls can be found in various regions, such as forests and mountains, where they dwell in caves or other secluded places. Their habitats are usually away from human settlements.",https://th.bing.com/th/id/OIP.bQYPM9gdrc6VSrHJFwV7aAHaEK?pid=ImgDet&rs=1,"Trolls are generally aggressive and prone to violence. Due to their limited intelligence, they may act on instinct rather than rational thought, making them dangerous adversaries.",Interactions with trolls are typically avoided due to their violent and unpredictable nature. Wizards and witches generally steer clear of these creatures to avoid confrontations.,"In 'Harry Potter and the Philosopher's Stone,' the trio encounters a mountain troll in the Hogwarts school, leading to a dangerous situation that showcases the challenges faced by students at the magical school.",Trolls have been depicted in various magical stories and are part of the magical world's mythical creatures. They represent the dangerous and unpredictable elements that wizards must confront in their adventures.,"Trolls are enormous beings with rough, greyish skin. They have massive arms, hunch over when walking, and possess significant physical strength.","Trolls have been a part of mythology and folklore for centuries, and their inclusion in the 'Harry Potter' series adds an element of peril and challenges for the characters to overcome."
Vampire,"Vampires in the Harry Potter universe are magical creatures known for their immortality, blood-sucking tendencies, and aversion to sunlight. In the wizarding world, vampires are depicted as dark and enigmatic beings with a long history of fascination and fear.","Vampires may reside in hidden and secluded locations, such as dark caves, abandoned buildings, or crypts. They avoid exposure to sunlight, which is harmful to them.",https://i.pinimg.com/originals/38/bc/18/38bc18e5dce31cb200660afd5186fa42.png,"Vampires are nocturnal creatures, active primarily during the night. They feed on the blood of living beings to sustain themselves. Vampires are often portrayed as dangerous and predatory but can also exhibit rational thought and complex emotions.","Interactions with vampires can be perilous, as they are known for their bloodthirsty nature. Some vampires may choose to coexist with wizards, while others prefer to remain isolated and hidden from the magical society.","One notable instance of a vampire character is Sanguini, featured in 'Harry Potter and the Half-Blood Prince.' Sanguini's presence at a gathering of vampires portrays the complexities of vampire culture within the wizarding world.","Vampires have a long history in magical folklore and are present in various wizarding communities across the world. Their portrayal often includes themes of desire, allure, and the consequences of immortality.","Vampires have a distinctive appearance, characterized by their pale skin, sharp fangs, and striking features. Exposure to sunlight causes them to burn.","Vampires are classic figures in mythology and have been a popular element in supernatural fiction, including the 'Harry Potter' series. Their inclusion adds a darker and mysterious aspect to the magical world."
Veela,"Veela are magical beings known for their stunning beauty and mesmerizing allure, captivating all who behold them. In the wizarding world, Veela are depicted as beings with a supernatural presence, evoking intense emotions in those around them.","Veela may reside in areas with magical communities, where they can showcase their dancing and entertain audiences. They often prefer locations where their beauty and charm can be appreciated and admired.",https://i.pinimg.com/originals/dc/30/01/dc3001e93b802dd2e3c01bc736d47441.jpg,"Veela can be enchanting and alluring, particularly when performing their mesmerizing dance. However, their charm can also incite strong emotions like jealousy and aggression in certain situations. Veela are known to be fiercely protective of their own, and angering them can be perilous.","Interactions with Veela can be emotionally charged due to the effects of their charm. Many find themselves irresistibly drawn to Veela, while others may feel intense jealousy or anger. This can lead to conflicts among admirers, especially when multiple individuals are affected by their allure.","Fleur Delacour, a student from the Beauxbatons Academy of Magic, is a notable Veela character in the 'Harry Potter' series. Fleur's beauty and allure leave a lasting impression during her participation in the Triwizard Tournament.","Veela have a mystical and captivating history in the wizarding world, often featuring in folklore and legends. Their inclusion adds an element of allure and enchantment to the magical society.","Veela have an otherworldly and breathtaking appearance, characterized by their radiant beauty and aura. Their enchanting features and ethereal presence make them stand out among other magical beings.","Veela are inspired by mythological creatures, such as the sirens and nymphs, and their portrayal in the 'Harry Potter' series explores themes of beauty, desire, and the consequences of charm."
Werewolf,"Werewolves are individuals afflicted with a condition called lycanthropy, which causes them to transform into wolves during the full moon. In the wizarding world, werewolves are depicted as tragic figures, grappling with their dual nature and facing societal prejudice.",Werewolves may reside in remote or isolated areas during their transformations to avoid causing harm to others. Some may prefer to live in communities where they can receive support from others affected by lycanthropy.,https://i.pinimg.com/originals/a6/89/fb/a689fbba53980f26dfbe8a877a27c99f.jpg,"During a full moon, werewolves lose control of their human consciousness and become savage beasts, posing a danger to humans and other beings. Outside of the full moon period, werewolves are generally indistinguishable from regular humans.","Interactions with werewolves can be dangerous and require extreme caution, especially during the full moon. Due to societal stigma and fear of their condition, werewolves often face discrimination and struggle to find acceptance in the wizarding community.","Remus Lupin, a werewolf and beloved Defense Against the Dark Arts professor at Hogwarts, is a notable instance of a werewolf character in the 'Harry Potter' series. His character serves as a representation of the challenges faced by those living with lycanthropy.","Werewolves have been part of wizarding folklore for centuries, with their condition associated with curses and myths. Their inclusion in the 'Harry Potter' series explores themes of prejudice, acceptance, and the struggle to overcome adversity.","When transformed during a full moon, werewolves take on the appearance of monstrous and ferocious wolves. In their human form, they have the same physical appearance as regular humans.","The depiction of werewolves in the 'Harry Potter' series draws inspiration from traditional folklore about these creatures. The inclusion of werewolves adds depth and complexity to the magical world, addressing themes of acceptance and the capacity for good in those facing inner struggles."
Giant,"Giants are massive, humanoid beings with tremendous strength and size. They are often associated with wild and remote regions.","Giants prefer to live in mountainous and isolated areas, away from human settlements.",https://th.bing.com/th/id/R.c9585e03643f479de6fc7c8f9cc5e8b8?rik=9PaCiHF0kpcSrA&riu=http%3a%2f%2fvignette3.wikia.nocookie.net%2fharrypotter%2fimages%2f9%2f95%2fGrawp_OotP_Concept_Art.png%2frevision%2flatest%3fcb%3d20151216132418&ehk=wp34Co%2bLkPa05CjDCxyRlZbrENIOejlFZIF39Yidm7Q%3d&risl=&pid=ImgRaw&r=0,"Giants are generally reclusive and avoid interaction with humans, but they can be provoked to violence when threatened.","Interacting with Giants can be dangerous, as they are distrustful of wizards and may view them as enemies.","The Battle of Hogwarts featured Giants, including Grawp, Hagrid's half-brother, who ultimately sided with the defenders of Hogwarts.","In the wizarding world, Giants have a long history of living in remote regions, far from human settlements. They are known to have their own society and language. While some Giants are peaceful, others have been swayed by dark forces, leading to conflicts with wizards. The Ministry of Magic had difficulty in establishing peaceful relations with the Giant community due to mutual distrust and misunderstandings.",,"The concept of Giants in the wizarding world is inspired by various mythologies, where giants are often depicted as enormous, primitive beings with great physical strength."
Goblin,"Goblins are small, clever beings known for their exceptional skills in metalwork and finance. They have sharp features and long fingers.","Goblins reside primarily in underground locations, such as Gringotts Wizarding Bank.",https://i.pinimg.com/originals/8e/5e/57/8e5e5712e3ae8e8bfe6f86bd8ad84e63.jpg,"Goblins are shrewd and business-minded, valuing wealth and order. They have a strict sense of fairness and adhere to their customs and traditions.",Interacting with Goblins often involves business transactions or dealings with Gringotts Bank.,"Goblins play a significant role in the Harry Potter series, especially during the break-in at Gringotts to retrieve a Horcrux in 'Harry Potter and the Deathly Hallows.'","Goblins have a longstanding history of managing wizarding finances and safeguarding valuable possessions. Gringotts Wizarding Bank, which is run by goblins, is considered the safest place to store valuable items. The relationship between wizards and goblins has been marred by past conflicts, including the goblin rebellions, which were driven by disputes over ownership of magical artifacts and wands.",,"The idea of goblins in the wizarding world draws inspiration from various folklores and myths, where goblins are often depicted as skilled craftsmen and keepers of hidden treasures."
Dark Goblin,Dark Goblins are a subspecies of Goblins that have aligned themselves with dark wizards and witches.,"Dark Goblins reside within the same areas as regular Goblins, such as Gringotts and other underground locations.",https://static.wikia.nocookie.net/harrypotter/images/1/12/Gringotts_goblin_played_by_Andy_Herd.jpg/revision/latest?cb=20121108211745,Dark Goblins share similar traits with regular Goblins but have chosen to serve dark forces.,"Interacting with Dark Goblins can be treacherous, as they are likely to be hostile towards those who oppose dark magic.","In the wizarding world, Dark Goblins were known to associate with dark wizarding organizations like Voldemort's Death Eaters.","Dark Goblins are a relatively rare and secretive subgroup within the goblin community. They tend to keep to themselves, and their allegiance to dark forces has made them outcasts among regular goblins and wizards alike. Some dark wizards have sought alliances with Dark Goblins, exploiting their skills and knowledge of wizarding institutions to advance their nefarious agendas.",,"The concept of Dark Goblins serves to demonstrate that not all magical beings are inherently good or evil. It reflects the idea that some individuals, regardless of their species, choose to follow the path of darkness."
Hag,Hags are magical beings with a grotesque appearance and often associated with dark magic and mischief.,"Hags can be found in remote and desolate locations, such as swamps and dense forests.",https://criticalhits.com.br/wp-content/uploads/2021/05/dolores-umbridge-harry-potter.jpg,"Hags are notorious for their sinister and malevolent nature, delighting in causing harm to unsuspecting victims.","Interacting with Hags is dangerous, as they often use their cunning and magical abilities to deceive and harm others.","In 'Fantastic Beasts and Where to Find Them,' a hag named Babayaga is mentioned as one of the magical creatures in the book.","Hags have a history steeped in dark magic and folklore. Legends often portray them as shape-shifters who prey on unsuspecting travelers or children. Their isolated habitats, such as swamps and dense forests, further contribute to their enigmatic and fearsome reputation. Throughout history, hags have been featured in cautionary tales to warn people about the dangers of venturing into the wilderness alone.",,"Hags are inspired by various folklore and legends that depict malevolent, witch-like beings with a penchant for causing harm and chaos."
Part-elf,Part-elves are beings born from parents of mixed elf and human heritage.,"Part-elves reside in various locations, depending on the combination of their parentage.",https://tse2.mm.bing.net/th?id=OIP.oiThgmpX3nDeKMlfoI1zuQHaJw&pid=ImgDet&rs=1,"Part-elves may exhibit characteristics of both elves and humans, making their behavior and abilities diverse.","Interacting with Part-elves can be fascinating, as they often possess unique qualities from both their elf and human sides.","Dobby, the free elf, is a notable Part-elf, being born from a union between a house-elf and an unknown human father.","The history of Part-elves is closely linked to the dynamics between elves and wizards in the wizarding world. Part-elves often face the struggle of finding their place in society, torn between their magical heritage and their desire for freedom and individuality. Dobby's journey from servitude to liberation exemplifies the resilience and strength of Part-elves in the face of adversity.",,The concept of Part-elves explores the idea of identity and the blending of different magical species to create beings with unique attributes.
Part-giant,Part-giants are beings born from parents of mixed giant and human heritage.,"Part-giants reside in various locations, depending on the combination of their parentage.",https://www.the-leaky-cauldron.org/wp-content/uploads/assets/Hagrid.jpg,"Part-giants may exhibit characteristics of both giants and humans, making their behavior and abilities diverse.","Interacting with Part-giants can be challenging, as they may face prejudices due to their giant heritage.","Rubeus Hagrid, the half-giant, is a notable Part-giant, serving as the gamekeeper and Keeper of Keys and Grounds at Hogwarts.","The history of Part-giants mirrors the complexities of being a half-breed in the wizarding world. They often encounter challenges in finding acceptance due to their mixed heritage, with some facing discrimination and others finding their place in society. Hagrid's presence at Hogwarts and his unwavering loyalty to his friends highlight the resilience of Part-giants and their potential to make significant contributions to the wizarding community.",,"Part-giants represent the theme of acceptance and embracing one's true identity, despite societal prejudices and challenges."
Part-goblin,Part-goblins are beings born from parents of mixed goblin and human heritage.,"Part-goblins reside in various locations, depending on the combination of their parentage.",https://tse2.mm.bing.net/th?id=OIP.oiThgmpX3nDeKMlfoI1zuQHaJw&pid=ImgDet&rs=1,"Part-goblins may exhibit characteristics of both goblins and humans, making their behavior and abilities diverse.","Interacting with Part-goblins can be intriguing, as they often possess unique qualities from both their goblin and human sides.","Griphook, the goblin who assisted in the break-in at Gringotts, is a notable Part-goblin, born from a goblin mother and human father.","The history of Part-goblins is marked by the tension between the goblin and wizarding communities, rooted in historical disputes over magical artifacts and wealth. Part-goblins, like Griphook, often experience the struggle of navigating both worlds and are driven by unique motivations. Griphook's role in the events at Gringotts underscores the conflicts and nuances of being a Part-goblin in a world divided by mistrust and misunderstandings.",,The concept of Part-goblins highlights the complexities of identity and the blending of magical species in the wizarding world.
