magical_beings,,,,,,
name,description,habitat,behavior,interactions,notable_instance,popularity
Animal Ghost,Animal ghosts are the spectral forms of deceased magical creatures. They retain the appearance and essence of their living counterparts but are no longer bound by the laws of the living.,"Animal ghosts can be found in various locations, often where they once resided or in areas significant to their lives.","Animal ghosts exhibit ethereal behavior, drifting through walls and objects. While some appear peaceful, others may act restless or mournful.","Interacting with animal ghosts can be eerie but not necessarily dangerous, as they are often passive spirits.","The ghost of a petrified Bicorn was mentioned in 'Fantastic Beasts and Where to Find Them,' adding to the understanding of magical creature afterlife.","Animal ghosts are a lesser-known aspect of the magical world, but their existence sparks curiosity and fascination among magical researchers."
Ghost Horse,Ghost horses are ethereal apparitions of deceased horses. They embody an otherworldly beauty and are often associated with legends and myths.,"Ghost horses are known to roam across desolate moors, ancient forests, and haunted plains.","Ghost horses appear graceful and mysterious, with an aura of sorrow and longing.",Interacting with ghost horses is rare and usually fleeting. They are known to vanish into thin air when approached.,The legend of the Headless Horseman and his ghostly steed is a notable instance of a ghost horse in wizarding folktales.,"Ghost horses hold a mythical status in the wizarding world, captivating the imagination of those who encounter tales of these elusive and spectral creatures."
Banshee,Banshees are female spirits known for their chilling wails that foretell death or misfortune. They are often associated with Irish folklore.,Banshees are said to reside near the homes of those they have a connection to or in desolate areas shrouded in mystery.,"Banshees are mournful and haunting, appearing as pale, ethereal figures emitting eerie cries.","Encounters with banshees are rare, as they only appear when a death or tragedy is imminent.","In 'Harry Potter and the Prisoner of Azkaban,' Professor Trelawney predicts the death of Buckbeak, emitting a banshee-like wail.","Banshees are both feared and respected for their foretelling abilities, and their presence in folklore makes them an intriguing subject of study for magical historians."
Ghost,Ghosts are the spectral remains of deceased wizards and witches who choose to remain in the mortal world as ethereal beings.,"Ghosts often inhabit locations they had an emotional connection to during their lives, such as Hogwarts or ancestral homes.","Ghosts display a wide range of personalities, from jolly and mischievous to melancholic and reserved.","Ghosts interact freely with wizards and witches, attending events and celebrations at Hogwarts and offering occasional advice.","Nearly Headless Nick, the Gryffindor house ghost, is a notable and beloved ghost at Hogwarts, often providing comic relief.","Ghosts are well-known and accepted in the wizarding world, where they serve as a reminder of the afterlife's existence and offer unique insights into the past."
Angry Skull,"Angry Skulls are enchanted skulls animated by dark magic, often used as guardians or to invoke fear.","Angry Skulls are found in dark places, such as hidden chambers or ancient crypts.","Angry Skulls emit an eerie, menacing aura and are known to attack intruders or those who disturb their resting place.",Interacting with Angry Skulls is dangerous and should be avoided to prevent harm.,"In the Forbidden Forest, a hidden chamber was rumored to be guarded by Angry Skulls to protect its mysterious contents.","Angry Skulls are objects of fear and apprehension, often utilized in sinister schemes or as cautionary elements in dark tales."
Cursed Skull,"Cursed Skulls are ancient artifacts infused with dark magic, often placed as curses or traps to deter intruders.","Cursed Skulls can be found in cursed locations, hidden temples, or as part of dark rituals.",Cursed Skulls emit an ominous aura and may possess the ability to cast curses or inflict harm on those who encounter them.,Interacting with Cursed Skulls is perilous and should be approached with caution.,A Cursed Skull was mentioned in a wizarding tale where an adventurer faced trials to recover a lost artifact.,"Cursed Skulls are objects of dread and fascination, commonly featured in cautionary stories and tales of ancient curses."
Loose Hand,"Loose Hands are severed, enchanted hands that possess a limited range of movement and often serve as cursed objects or guardians.",Loose Hands are typically found in cursed places or as part of dark rituals.,"Loose Hands can crawl or float in the air, attempting to grab or attack intruders.","Interacting with Loose Hands is dangerous, as they are known to inflict harm on those who disturb them.",A Loose Hand was rumored to be a crucial element in a dark ritual to summon a malevolent entity.,Loose Hands are dreaded and avoided due to their unsettling nature and association with dark magic and curses.
Gytrash,"Gytrash is a spectral dog-like creature with glowing eyes, often considered an omen of death or misfortune.","Gytrashes are encountered in desolate moors, graveyards, or areas with a history of tragic events.","Gytrashes are silent and mysterious, appearing fleetingly and vanishing without a trace.","Interacting with Gytrashes is rare, as they are elusive and prefer to avoid contact with humans.",A Gytrash was mentioned in wizarding folktales as a harbinger of doom to those who encountered it.,"Gytrashes are the subjects of eerie tales and superstitions, often perceived as an unsettling symbol of the unknown and impending danger."
Phantom Rat,"Phantom Rats are ghostly apparitions of deceased rats, often associated with dark and cursed locations.","Phantom Rats are encountered in dimly lit and abandoned places, where rats once lived or perished.","Phantom Rats move silently and flicker in and out of visibility, making them elusive and eerie.","Interacting with Phantom Rats is unsettling but not inherently dangerous, as they are more likely to avoid human presence.","A Phantom Rat was said to haunt an ancient cellar, guarding a hidden artifact.","Phantom Rats are lesser-known magical beings, often overshadowed by more prominent spectres and ghosts in wizarding lore."
Giant Phantom Rat,Giant Phantom Rats are spectral apparitions of unusually large rats that have passed on to the afterlife.,Giant Phantom Rats are associated with dark and cursed locations where their physical counterparts were once present.,"Giant Phantom Rats appear imposing and intimidating, with glowing eyes and ghostly forms.","Interacting with Giant Phantom Rats is rare and dangerous, as they may exhibit territorial behavior or aggression.","In a haunted manor, stories told of a Giant Phantom Rat haunting the decrepit building.","Giant Phantom Rats are objects of fear and intrigue, often featuring in tales of haunted locations and malevolent spirits."
Spectre Bat,Spectre Bats are ethereal bat-like creatures that are often linked to dark and haunted places.,"Spectre Bats are found in ancient ruins, cursed caverns, and places shrouded in supernatural phenomena.","Spectre Bats emit an eerie glow and emit chilling screeches, adding to their unsettling presence.","Interacting with Spectre Bats is uncommon, as they are elusive and tend to avoid human contact.","In a legend, a Spectre Bat was said to guard a cursed treasure, making it perilous to retrieve.","Spectre Bats are obscure creatures, primarily featured in local myths and legends of haunted locales."
